const,X1,X2
-0.39301876561114502,-1.2187254722651495
-0.22556031706821159,-0.37174549640201504
0.032642066264930505,-1.1760452428999151
-1.5097246076476145,0.059307332922530563
-0.87511399007550217,-0.16188460526837797
0.35804473599609554,1.014790748482147
-0.7513584658043565,-0.098579665090956684
-2.7467807898043866,0.33790162744593799
0.58326300129988051,-0.335113529035242
-0.93117646416967226,1.9269101151717336
-1.5037021410206708,0.16872816936398274
-1.0209381963239541,0.19152433792331855
0.4293606394180044,-0.97847570606924228
0.96492681563062654,2.2559483337121105
-0.89032366438419897,1.0655061407754374
1.8319688158609782,-1.427437135430297
0.19488486221517845,1.1396532494520015
0.13731396832294754,1.2915517197866249
1.2226485709499735,0.052730454180847021
0.15078642149899893,0.21830000741899447
-1.4294607817194143,0.23147093731335203
2.0260939754935046,-0.81808066640680543
-1.9296951815485437,-0.42771070444028769
0.75463484813805159,-0.011918303935905258
0.036253512832716023,1.5950067083813579
-0.80771386958495728,-0.13923927223162036
-1.2352104123106415,1.8274245914473313
0.40288484779239625,0.76011093269930696
0.52006267777802961,0.71165955557273508
0.24473912221269989,-0.93506032232174008
-0.29236775560771044,-1.0515691724957648
-0.10989924669960241,-0.36400233779964558
-1.2928882647117619,-1.9486485156921565
1.3062190518385794,-0.54508292804991987
0.0096645587468588319,0.12256759596798215
0.92398748138939479,-1.28644547894487
-1.20109237423683,0.74142651232031975
0.42849689221567772,-0.4374868031348077
0.55572611098250602,0.88918963367469928
-1.0920682630016163,0.60533042423246841
0.2997316139867261,-1.4180715403814872
-0.44651525593628955,-0.15195359167042308
1.1740795423493582,-0.41897373742509492
-0.85424617217684129,-1.1370096354660886
0.1857410600929843,0.6376819546425927
0.26171370354293066,0.81311335608099533
0.89997586168090726,-1.2188550805276974
-0.52582703770056083,0.067169767175955256
-0.94737178843013392,-1.3380605087840405
-1.0108236056662183,-1.0720960442570908
-1.5170586705375395,-0.58768799177974029
0.45818813376963036,-0.13810062330849815
0.51445049596606485,-1.3129619725714714
-1.3627637555366516,-0.43270177907267382
-0.11185980720703392,1.1379027109232491
-0.72684146516489345,-0.67982533785613175
-0.78755172286286446,0.13143503227516068
0.80055322460695255,-0.43749086652921032
-0.74633198981466986,1.088481403502092
1.3234597267427555,0.91602117552621221
0.16783295041290622,-0.52471452194555679
0.73792503655020136,-1.0376647720150443
-0.64714034930802877,-0.35715536839070927
-0.61154804760563131,0.065760117929896958
-1.1109566957597674,-1.6760250182838554
-0.11893309097031286,-0.58364965717414863
0.56133555463493856,-0.38759912177429623
0.54699906161834821,-0.62288577243216126
-0.4233499928894594,0.47834011127488524
-0.025005823081982338,1.9092808054543562
0.77075448138672253,1.3569530186747465
-0.66281180536333184,0.66948840675443289
-1.0051872245522926,1.6309893676221667
0.025152342620686843,-0.87736248133248051
0.57292544796639522,0.90063171652425911
0.21063810375504066,0.21829405722299611
-0.17304616438235518,-0.33766931758569874
-0.024782934210691956,-0.17936179233257668
0.61906015822318639,-0.41599626034961434
0.29420099582638881,0.94326947611176915
1.7745568397280931,0.14778701596594171
-0.52179627896377934,-0.35654904937660609
-0.38322363478813443,-0.29419870766756362
0.16675233240439627,1.4831076560789
-0.38421044308461527,0.30053953460947747
-0.47012999703988517,0.2740588362550454
-0.5134628396481431,-0.58994768066422199
1.2149667772080359,0.40862700752601078
1.5862125216583582,1.1009086933387493
1.270983758283196,0.77012001139892738
0.067374097632171587,-0.53742483959847565
0.11300735808482935,-1.2462317500559055
-0.48861663673306815,-0.020594872174633749
0.47039097624674459,1.6227699442991137
0.11203343436876745,-0.052729686220148113
-0.69549303370145388,-0.0052141632568579238
-0.49357503923627355,0.41749216108965531
-0.59025558902964481,0.24412793106611913
-0.0041586632618333631,-0.44284946084251275
-0.64508756013812152,-0.62593225930488394
-0.75098602858809771,0.64442706133001937
-0.44939291053172437,-1.0765867342960196
1.0374955144246716,-0.64312630962451356
0.7973367643084166,-0.12363356010372488
0.80771468761219656,0.84211640194811566
-1.3149696575580534,-1.5216136554028619
-1.425089050092939,1.5916049283722489
0.91888329430042559,-0.31441229113678737
1.0627581394401513,-0.39025694739148864
0.2179059870843752,-2.248399846235865
0.020630957533817315,-0.055646556012428613
-0.82300261660952634,0.16890085467274979
-0.31018869179193947,0.30381595439452969
-0.36516633549540189,0.80147520932487537
0.78790706566039648,-1.4762890863458684
0.59028089696289476,0.12195307184487095
-0.62103311718696719,0.39169717491638201
0.78466467859492472,0.25492997044320514
-0.82574990489212463,-0.72812227402390473
-0.042818038710842256,0.30768657130692212
1.2547861021907529,-0.012666494130023612
1.208726085891568,-0.53917972332961439
-0.32275924363842662,-0.56466038443469524
-0.48679570986698656,0.68942386587518034
1.523820575228032,1.3593556643062497
1.4482347380521152,1.4542456578164364
0.46784244995599894,0.21814242459606861
-1.2626987255948965,-0.38334277473510037
0.49282493949927902,0.18550091408198899
1.9106630727955156,-0.062245872752464411
1.0565971124505462,-1.6478766015998241
1.7497397282202787,0.55839097070969435
0.66392543408476101,0.65545375991340538
-0.23495291660772208,0.23600621480574691
0.64961294465866182,0.25162280324174124
-0.9536332055609561,-1.2239156191211986
-0.92952904011009296,0.31291066901048165
0.99808586964797075,1.3696476528782882
-0.48320701128736276,-1.0899543072323394
-1.0157044048743531,0.52573217895756941
0.037728941779367482,0.63763726537279153
1.4682259996180584,0.98487022125271695
-0.41646960625450935,0.26275108397540636
-0.96678439569669539,-0.45768398773166469
0.48819495208956598,-0.49562596594219105
-0.32655755835661604,-2.626361658527125
-0.89718660270325667,1.0643586136021206
0.89691263462677528,-0.9890788052117907
-0.21180462414666837,-1.0948507556643849
-0.69220959804301485,-0.39909877067081234
-0.58317092807151216,0.52853238711007011
-2.4441680620465198,0.61765072959128098
0.6308015043354116,-0.88789202629834729
0.30763029439785056,-0.76377890660645475
0.35208836877310323,-0.5495192769348487
-0.52807384415616954,2.0407924707200924
-0.64000098686532558,0.78947794735849375
-0.90243986278532451,0.025450887982146474
-0.16696240557416273,-0.36695638783965551
0.10584504858823629,0.13028147757503852
-1.6117316923265257,0.86822166577311244
-1.4777854244894835,-1.010670109702503
-0.28603567360014726,0.67770989622167666
1.0503946395888017,-1.5209104404056684
0.073654890503353401,1.1883708950092566
0.64576288775817803,-0.2962379595367774
0.48560176277746203,-0.51969691709606491
-1.2098493338083298,2.85215381440501
0.68491545827102962,0.91781742507294162
-0.42233058717410893,1.8981376205772458
-0.57327142413078191,2.0485203445197726
0.18528585828008004,1.1323319932187228
-0.27066984156575974,0.57519244033860573
-0.87213513957744482,0.54021481377336666
-0.82462178149936638,-0.78764490942725995
-0.035236798576377834,-1.4522178878247891
-1.1491248763753406,0.78727851334667154
0.52618398221558549,0.23872950808743557
0.060502404348331651,-0.37844267116227004
-0.28892348738036472,-2.2979134758171518
0.1611846776587019,0.13756750485029598
1.046579273480146,0.32688825261717774
-0.80969296624434839,-0.51719923478241459
-0.7693636651095257,0.88753725703087061
-0.90954578881025083,0.13608030351121869
-1.3481067879172777,0.54927435453311546
-2.1896818162055678,1.3783490669897536
-0.61480961625586006,-0.94110764489618282
-0.70928395511683939,1.5333455257886037
-0.78205788750058314,-0.44742391634035328
0.2970881187937075,0.31393567235904724
0.084826765518701927,-2.4430668559194926
-1.1317695732567701,-0.49733663813045459
-1.081836548533341,-0.78364751018456136
-0.6641295807136931,0.4741195992545793
2.231759552137059,-1.0828488052102152
-0.048931193499463677,-4.0269755510306382
-0.21433510622527596,2.0708016665253797
1.1759721725429586,-0.76221411194334521
1.1366813500126556,-1.6998834706428123
-0.21999244901422046,1.3832278163002625
-1.3688674325230958,-0.75352832496128186
1.6865042950569054,-0.0068085452558397418
0.83969889354111349,-1.7090307141278869
0.70589948947521974,-0.5589005890351697
-0.89379391475698067,-0.90991088632238393
-0.058896994407972865,1.2034279108523223
1.6082437505819511,1.0038253626781168
-0.13968327693342478,-1.0854117018918374
-1.248719379084213,0.28874608538486235
0.058796200572631116,-0.79301571575223273
-0.47477227888053442,1.209100000701935
1.166015934787483,-0.93336993882407371
1.1017153535120552,0.59774192140470306
0.13980613211346024,1.3035884265050079
0.31888743616722232,0.38674283214406252
1.0026097031060603,0.48782272685263184
-0.19744283124753628,-1.4391529264768321
0.055152836745694739,-0.12952237107837772
1.0502580660877801,-0.784549745009685
0.98731213843359722,0.17654757379944319
-0.15671294380209866,-1.2452421936700135
-0.22522996278499444,-0.83398897793433147
1.2761440752191653,-0.26783795601980193
1.336427239338307,0.22102437655495674
-0.45360459355336352,-0.1246377005055808
0.87065773812044023,-0.13372425577506072
0.48180817284223632,-0.75894786303313466
0.27104896569702652,2.1217234587639231
-0.080181028494431136,-1.1099716373838904
-0.97936261620662368,-0.37112699034854024
-0.31347979306929541,-1.3714260961730986
0.94945860398966542,-0.21244861390028102
0.11460282857427602,-0.74984531298250778
1.6828346587984016,-1.1600475028290251
-0.26363161541763247,1.1664147424707358
-0.36850526321265642,0.37940558545468084
0.48597681589554037,-1.8474064169764706
0.85782033562317495,1.5124273497699348
-0.65644219132033754,1.1703032403809419
-0.067886796086952236,-0.26702479917292532
1.3197759922723038,-0.82872231757586046
-1.8276754517946339,1.1502892182993476
0.43081676328288104,0.36290516276406459
0.013647657431474907,-0.54319939996773914
-0.9565244326541037,-1.1288120378040596
0.95971511172138058,0.15408055050950453
-1.6504824123570851,-0.79050167298437757
0.54501135465235251,0.97080338980914505
-0.639397468685176,-1.2516376710267694
0.40115467205022792,0.61767976267693425
0.41584220853234316,0.53623792983444618
-1.5653484522456151,-1.2167146484810065
0.14106706213856227,-1.1886522339850052
1.0301121313055654,-1.4124909602481466
-0.42286162512977765,0.79041465146598
-0.91636861695965988,0.27957759919418923
2.0012545433684132,-0.11461604085597074
1.1709725289517177,2.3451279069021971
0.42023050783853527,0.84388169502410282
-1.1624254554519662,-0.81828722811189081
-0.40787912318802755,-1.1538164840825427
-0.58565479934049047,-0.44504323345830099
-2.422057250905659,-1.2213542608866783
-2.9109637123166525,1.114909138680261
-0.79153144815510967,0.27567409523995012
0.72302939763037255,0.2183280239417596
0.24372372346557045,-0.049567759999120498
-2.24057415589765,-0.10849985532116488
1.0812459683374449,1.5847268986108531
-0.026562034366745885,1.6862835639269769
-0.055442063982709691,0.17858636046695936
-0.84062933147532426,0.49086811075004871
0.94993456863625092,-2.0926542213183947
-0.45153535397572392,0.10771849285797251
-0.15447924471718358,-1.5650279745495757
0.93472656826090972,-0.14961377863101405
0.44791165916804826,1.2071024341539311
0.033993951846097312,-0.49094250034801468
-0.92830650068333631,-0.9369047733750494
0.79868077979911956,-0.53268908688743721
0.20167534448785623,-0.48333864480012084
-0.28935016833200083,-0.7743545854737991
-0.60704986502930802,1.4830354009188578
0.82955661697984484,0.37932399595940802
-2.2111900383655123,-0.18138773115496343
1.9094247586988824,1.2580184770424188
-0.52795377808515054,0.78117502889375157
1.8839793993523672,-1.2338583057139485
-1.7057029240058392,1.36561862497357
0.66600743690040265,0.76858687777135937
0.031203084935599815,1.2443558879275494
1.0302881863388711,-1.3995840851193373
1.8443676201227994,-0.50633696589478527
-0.48716112049524851,0.031440413030879175
-1.0680872846011427,1.3597748383121551
1.7316153354516506,-0.50083535745977592
2.2721692850172612,1.4777618519991744
0.4856358772129461,-0.74212768051540967
0.5331278891765292,0.36358946943911463
-0.005824158633342208,1.5546844912875288
0.52250520430007785,-1.2590383873916984
1.0086126508264053,-0.10875350120003917
-1.5350328459355569,0.92977124776675302
-0.5501574066161844,0.48152851492493759
0.61155880603739676,0.25237064626490185
0.53837729187270511,0.66537031560385895
-0.45192433321793141,0.25687596567470433
0.15515895668786578,0.062238495865644332
0.16792331318155482,-1.1968507426335055
-0.056815576818470569,1.2045692943790767
-1.5169915902423086,1.2756247574334523
0.025647188987649033,-0.27890063666939613
-0.60159738010784891,1.3593606820934978
-0.18754962715097639,2.2945668691967587
-0.67802606846067426,0.99471787348587126
-1.043137475243286,1.2729656553918876
0.58937085000324496,-1.625263924889603
0.23416057966012016,0.22927313256536472
-0.10316135286467804,1.7721150349028627
1.0420645793897578,-1.152702282511163
1.0548479715878327,1.0630951765397663
0.3211353971572492,-0.27902978474120532
-1.8140310628436846,-0.02235930390637408
0.18322540606082169,0.92811468926982077
-0.25547246828634795,-2.08355933820989
1.344705193863905,1.1243527868873582
0.0048997418829258956,-1.5118323512487311
-0.94710656274768978,0.39093476952920386
-0.79011640548910678,1.3259510032929196
-1.5841853445389711,0.30408301089097595
0.56194648403025071,0.71613462368762371
-0.13954739864398846,0.26478995246031128
-0.41038619279736899,-1.3606844325076155
-0.30118846940558697,-1.8531749548590186
-0.096349694784906209,0.26123018684488725
-0.52213945199012612,1.8162810490061514
-0.92457549900457403,-1.3930726209139779
2.8848862320913122,-0.95574312854615284
1.0631467097648017,0.44740003538233375
1.5467021057919987,0.845726708857235
0.65515085280416585,3.053907421771719
0.27660005409196425,-0.39216109675824223
1.5755762743669697,-0.37176187185299997
0.62325474228780553,-0.0041521729351619019
-1.0643386832804314,-0.46118862103207264
0.3582646266075537,1.8841575612882384
-1.4474591475030303,0.42917892435534449
-0.60709630296199002,1.2498304087579797
-0.030636805080292377,-0.90167052660169578
0.83596413239188705,-0.63405832273208718
0.23719251775245431,-0.0066473636220288883
0.257044732105419,-0.35691855450738114
-0.3412206606137872,-1.3979491767014842
2.3184563729184133,0.18983415855651473
1.6338555902318235,-0.075836044910454786
-0.51403947923280313,0.26903799439516662
0.48157977676496516,1.6021295174495487
1.9436779456463866,-0.81203498430723331
-0.43187178306195845,-0.8175454582145687
-0.083042838410784137,-0.033023309067394861
0.10118183053168446,-0.27427141567438196
0.76859136819669016,-1.6389406452179662
-1.8206467223490279,-0.20511624235877235
0.6592748231323502,0.66136258703181927
1.1128416877712035,-1.1993009242861261
1.6244722804868219,2.2848289077221149
-0.49865743698441645,0.41065570417079339
0.20641862219369453,0.54906827797215818
-0.66503167259351392,-1.5398287345463388
0.98045446206244791,-1.1848972496273409
1.4027470019652013,1.7541331236466191
-1.2187300230370524,-0.15591821296124994
1.6788586067344522,-1.1220693405359565
1.5087669429055117,-2.2789246131889431
1.1488874975957601,-2.5515092675989872
1.3864739694263684,-0.30409943961101243
-0.41959188743197678,0.58022928917558658
0.14293090391898175,-0.81724258475645406
2.0111512527557878,-0.97567650773219416
0.298620110481982,1.4251845698112637
-0.81260651866272904,0.18899241867928637
0.9235419150606311,0.74222780317003745
-0.52107405810848018,1.2081426427860762
-0.46979620268203864,-0.77151303643125091
-0.16025774136446894,0.021635922681240646
-1.1989499078607508,0.44947166185319976
1.6407473264725867,0.078884804607341985
-0.97387350492801594,-2.2349830023908415
0.78908281625398546,-2.8868490396729301
-1.4637236771435247,-0.20300559813864938
-0.54397005876350635,-0.5821827888616411
0.7188099845985555,0.67031167844464323
-0.38694389276877872,-1.9507280502763347
0.9239632258753131,-0.56974965683527234
-1.9586158340828583,-0.81231990702625134
-0.98227852240990055,-1.1154199561187024
0.44048988753467105,-0.97624585865176061
-1.0203809193548798,-2.4553264965642341
0.9656409958005775,0.23102733326948269
-0.50620516428394491,0.15696837740902606
-0.6379840741047913,-1.5946965292416537
1.0083002716463423,-1.1812829288762094
0.40465492743893805,-0.54575014563422652
0.3865803691685667,0.20888611316974803
3.0501608936580964,0.65263728918837516
1.5804228115021537,0.17373659869757643
-1.8979627065116895,-1.0683885789676284
0.31990477617522167,-0.023107576918352531
0.12321370937376189,-0.65957232236372354
0.83156298697759023,-1.3136954950227779
0.58046739122806001,0.43414302446531278
-1.6570874660324664,-0.58056242005933745
-0.15478001660559235,-0.64141606343719215
0.49139128991036396,-0.48618096526328336
-0.040390174585370225,0.75844205053294533
-0.17054853124695415,1.16984183142069
0.83517784768998959,-1.0389771658021081
-0.017647812879774061,1.1128751968517174
0.22398215121433349,0.46388170433811804
-0.30383184357790349,-0.35217087783180112
0.81075052703674866,-0.37500400070771006
-0.068976169315486904,-1.1353362055599929
0.20597018064763642,0.14522910102342768
0.18546747631871122,-1.8770758511308228
0.80031014859868499,0.47110025073925826
1.2205758229042603,0.13680113663860452
-2.734759671137454,0.4440462613715655
0.074415280149573187,0.83204266208088773
0.48503175552625194,-1.1872703310395099
0.12935486200281068,2.0612454470159238
-0.86295902120942991,-1.1832397354554489
-0.90625059700671207,2.1185825985639082
-1.1030082485538635,1.4608923556359423
0.35017098713961192,0.20865254924170612
-0.67938953581426442,0.30262415360502481
0.47123863208682226,1.4517026266106892
-0.043323899299808004,-0.40718812748211625
0.64929052795324449,-1.123866096577159
1.7863055740275828,0.71740363795498241
-0.88297869090084691,0.94643192742768711
-0.36003944451230679,-1.4749391396371547
1.3432806815918572,2.1080237776404149
0.28176036889355288,-0.64556584196378552
-0.49463339968524223,1.6701070000274729
0.94814474698538698,-0.84063963704406131
-1.2100556729959939,-0.57024268825606739
-0.072189140484618192,1.6784138770407822
0.98536813172973103,-0.2193248003651776
1.6950248066602913,-1.0791530532961324
-0.35395586721603706,0.38939924204120913
-0.52414130652894397,0.25229277112894416
1.341965367111406,1.0302553992208479
0.73226622258889595,1.1440989219415869
0.18653835642290048,0.38193848942544539
0.89232573995006892,-0.70399966751893572
-0.42752292678701159,-0.44472111223765148
0.48964566420880556,0.43582918954454175
-0.22184554489194599,-1.1164557252329139
1.28314328077033,-0.81690003337224082
-0.74378081490038928,-0.13306377344756393
-0.67682705109172026,-0.59233217929637771
-2.0730123689372979,-0.7636548956436342
-1.1257051669484082,0.19672758194751613
-1.1038790834735352,1.0919635638805394
-1.0074748393376005,-0.33267480332915572
-1.0509418359828102,0.41595895059656879
-0.33202694713196423,-1.4726075552209821
-0.38210717734723953,-0.52034536001457787
-0.017526393511726888,1.8775818558949848
0.425544117639515,-1.6234956878971993
-2.153901593942102,1.5716371415431063
-0.089788514847813389,-0.50879349981327016
1.3327704329538463,-2.4116861239440848
-0.93646388652268997,1.4226788848447736
0.93089607505294758,-0.30380844319716932
0.43484167786437999,0.93459780900955525
0.51448173489833504,-0.030327736986884967
0.28132955722900971,0.36422449206865976
-1.5036116444251497,-0.20567339623221054
-0.088331483593626248,-0.039801210514204252
0.92396408564698962,-1.13468582668692
-0.97862747924097693,0.69674357925124497
0.72218011590728082,-1.2607921935828021
-0.009090440713376037,1.4922033372560286
1.6977086788549745,-0.37123188161725729
0.21411169893400073,-1.0318732018234538
0.59053521306378931,-0.81064783418589925
-0.085541993542339365,-0.26341462279420325
-0.043572951927118624,0.46107371579489614
0.4634400867224614,-1.2726030500436387
1.6952771978331984,0.24891842651226179
-1.5433545791267258,-0.26341955326305289
-0.21475622673789083,0.30659739143951015
-1.3224335238247134,-1.5506150600848161
1.0572527584911884,1.3213997787999083
-0.12784868933545487,0.82213600492891292
0.94929596679006456,-0.41884599438447651
-0.3275936322031982,0.18181310900575595
-1.4374044992883903,0.71633437934657129
0.56663225670988127,1.0658031007112829
-0.49570657936256424,0.97161687730717761
1.0198902089260962,0.26283870891039385
-0.73277209916226282,-0.058180780475973477
-2.1475589465798595,0.42222053425936462
-0.30345067514677476,-3.9306998044786869
2.1370905375289202,0.95284838055089871
0.42721249376730225,-1.311321690057023
-1.1050768171452419,0.91704631273481596
0.62652457731031619,-1.665545280258625
-0.37750763296939366,0.033921864987204932
-0.20342248040536065,0.17735822246653549
-0.26358680378145383,-1.0821732315241688
-1.2199257455393102,1.53234289926731
-2.4843373567771763,0.55915805910577754
-0.010966852804255927,-0.81361819015759473
-0.84188481844013818,-0.55123279830446281
-1.167491236961159,1.9567526268189193
0.52791838563378801,-0.67469187329699509
1.846544724337841,0.58247887178923552
0.92256180810140676,-0.98744960936777615
0.72855414513774974,1.0427465925321935
-0.90116602061373263,-1.5734889471142166
-0.20219324075265716,-0.11061778791433449
0.21142444870966179,-1.0950848118382064
0.017270164479324359,-1.3067810285921995
-1.3358403041375444,0.034940579729450694
0.40389414450444688,0.21601799663815954
0.89345813472539326,1.3736021445468327
-0.77422489424479857,-0.20451204883142296
1.3440045655095207,-1.3169215602202247
1.4099197668061798,-0.79793580226241423
0.91205299724161426,-0.97649778249213071
-0.019936417616485593,-0.38246959705969885
0.73697297279625762,-0.49764935708117519
2.0804399081698945,-0.082880038213909338
-0.51162846216748836,1.6266837221318005
-1.3639499389541114,-0.63663981369057554
-0.62616906267862416,2.05669961167813
0.82881679439029909,-0.89953102597860801
0.47048164594394287,0.024481475745988222
-0.38523387892489769,1.3337303794298321
-1.656384727796278,1.045387787930494
0.61330469337509852,-0.43533074888563061
-1.4308891190932125,0.38159280790304273
-1.7018701694322675,-0.66876493569555184
-1.0880925599893454,-1.1050799689512494
-1.544490832816277,-1.4450479174073316
0.82101438410122551,3.010031954389436
-0.25584889863651322,-2.3156934021471618
-0.30320225821157093,0.45211784922083992
0.69661915174326838,0.28213976255317069
0.99870932665190093,-0.39280035902004662
0.83477465827853614,-1.3899579007586611
0.48639791810687644,0.33932449009129928
-1.3267118717170996,0.49595192857771858
0.60495685446700942,-0.70647745780468219
0.57736469573745552,1.0383538253400009
1.0708067326451614,-3.5916867035289499
1.2505621773957196,1.3240936885679975
-0.62051384772592311,1.197716902759197
0.12192034250461906,-0.089829236468581389
-0.65482354500689643,0.36435048487915295
0.81362151444045328,-1.7910895977896997
2.8619840421603655,0.45750991740820651
-0.19889357885963785,0.85486683100102401
1.2817828122447734,-1.4134749857589286
1.520237459596494,2.2867905587675255
0.70218689558553782,0.4462530964922003
1.1626817042270461,-0.93534393523900239
0.19537876243195351,2.1752761249464019
-0.13304294149490239,0.058744986092308306
0.012967431684156308,-0.55477037993136791
-1.351490398791908,0.33524415377566252
2.0489200353051236,-1.2969380043620065
-0.56073015704788065,-0.23269958275129754
-1.2546773753875793,-0.39158498980256179
0.56521674788774512,-1.2540168763563588
0.18448168607957627,1.3928879735311526
-0.48016458885434188,2.1269691139466138
0.64897449294734544,0.18237504086044171
-0.26792270717344169,0.0099991748602127149
1.1256336826589144,1.5609762820739421
-0.47241586151983367,0.54862293792428585
0.93702212866913259,0.24034774512836221
0.93666864767445424,-1.8383409898348559
-1.722342747234832,0.63951824487329612
0.27640342226986281,1.6740511204495339
1.01451967775977,-0.7847108666418311
0.38617887164714942,0.79819386825833505
0.826992877162671,-0.29979540936679711
0.31931032245882118,-0.21149980353168327
0.66104259769315288,-0.36961763007589932
0.52338168462191137,-1.440100952239342
-1.7380788497411308,-0.4352362526108679
-0.92371202493978732,0.57496357816895693
-0.77693210459661033,-0.66309496249843536
-0.44309479529346896,0.1925806346086478
-0.044711258104267716,0.87782640699970904
1.3575680814967552,-0.96235881694012515
-1.4356072389021199,0.68843753635181471
-0.73534612988336767,-0.75286228090016494
0.90512029323198473,0.42825628991288339
-0.70629519111327099,0.4566685169084449
1.0902500789351677,-1.4530760543114378
1.904836966676192,0.25777186167391514
-1.3321709106514639,-0.35240412554893946
0.31220859458480821,-0.77162088482933466
0.090572635264726864,1.3078514718357943
0.44516026622321325,-1.0201831229831431
1.3397293912576438,0.64244546218999499
0.78285200414650691,0.012882859523638492
0.23372248146720118,0.81165575061024675
2.6412074365638163,-0.56289905106553695
0.25431930868249703,0.92935682221698923
0.45709464939137356,0.6487457099898899
0.31965214645967371,-0.15293217139846599
2.1651457883986756,0.18404819891245158
0.1461152808146777,-0.63458562259569962
0.78216509377504329,0.095951431810064422
-0.28595542373547056,0.13643625321457128
1.1530582123267765,0.52143334955109366
-0.24708037046186465,1.6790435756248157
0.3501142600297204,1.4871637573949623
0.78900525526359555,-0.71457181574304218
-0.33616951472721063,-0.86203707519049566
0.74389242229372632,0.17908013934976555
-0.079662399269435705,-0.80296379339501089
1.0670437274591964,-0.1411319409138739
0.66257306368791191,-0.59093498241330744
3.0472839235482403,-1.1624840307077955
-0.41237019626532539,-0.24990104794998286
0.15402819257034026,0.51088981327467831
0.96692066993648562,0.99356824092833584
-0.13547707774573223,0.093480890264899252
-0.59000753108804693,-1.0916397919268617
0.96172811086317289,0.14330506836938428
1.6496800051136886,-0.82035045148708774
-0.6589173308326286,0.1191714813514845
-0.69818595302208286,0.36520040469482362
-0.23514282688178026,-0.61849947305933883
0.37229906084271663,0.40808478005257925
-0.84529765690767855,-0.16133243454761079
0.30550323379142141,0.76478434777554694
-0.73390348465556321,-1.8231741477851513
0.097023395906216739,1.3182953271347746
-1.1478113189760917,0.68839772927958875
-0.59082451779040868,0.058331325999629632
0.3051718601214165,-0.88669521487601266
0.36771262555018369,0.82901513929663029
0.11785515377607944,0.84519741959874928
1.0465199611187772,1.6106328792911322
-0.55595431047263033,-0.59838804718377359
-1.6391952168397723,-0.5637302529962096
0.3102803862631523,-0.65476601702763504
-1.1155721888222212,1.8043546454028392
-0.077826981112862126,0.51673612124063195
-0.36896867139032663,0.2519661431860582
1.4522863552769985,1.8352902354766853
-0.015137945588219509,0.48745297538101046
1.0743553665457499,0.57388439582694084
0.36633640676634649,-0.79910675532759556
-0.48092228764727762,0.40814088839786405
-1.1662262767289446,-1.7329894969520543
-1.7994407033690185,1.7773081433872528
-1.4417207057736785,0.80267413499757234
0.0088866613167980796,-0.5142213507098613
-2.1794515581361975,-0.71286837053581509
-1.0419654523556943,0.78105591710499134
0.8634965249708636,-0.57705981858032074
-0.78341177671288331,0.44755080522147461
0.9976220540387275,1.1803213678792979
0.77455382173166709,2.0624372505003046
-1.3930608528909316,0.96606227560279978
0.28691341623711292,-0.92832810913421138
-0.00059562331673428039,2.464218454293349
-0.70560582257768212,0.032293447949451715
0.35844063982922642,-1.8209798553280589
0.83658503449958233,-0.66101329411327481
0.8440724555485094,-0.94148737688844086
-2.0055738475315827,0.3639594320196049
-1.0253898213306998,1.6526235342645779
-0.67826976644082693,0.89903459891887616
-0.53936526999447998,0.5927502249011346
-1.4229245499722829,1.4824454580189939
-0.92857449757816091,0.59254619023079635
0.53405979662845693,-0.87477925708808835
-0.28559204406941457,1.9795070698997617
1.0841210191006361,-1.148744602298637
-1.3883550958642064,-0.68160171853197338
0.5582199139941223,-1.0781378054473927
1.1681422448188334,0.45117986621389478
-0.41174064510228975,0.56423017928117913
0.45860340635785246,-1.1377398188708689
1.1224978213644212,-0.3472599906171614
1.8772044630185976,0.093871168232967456
-0.39800928732895696,0.1304501668211277
-0.0089114002620630708,0.55719055040709908
0.50226153086743786,-0.0078512095621321807
-3.4634180167756861,2.4477237758225301
0.79544327431160033,-1.9068895944235511
0.55471776274324203,0.27071565433972378
-0.60051061717562826,-1.8676607181666225
0.081513094644377379,0.84905133531778043
0.93087997706730341,-0.78354270611210963
-0.34316086415731922,-1.2043246236006599
2.7040053063631286,-1.3722778487625438
1.0266669568079438,-0.81930292760376944
0.091030784136414133,-2.2604179196788237
1.5579985187307821,0.7423904652855795
1.3535985206340095,-0.4121431586421464
0.07429124993505358,0.74783411022784596
1.5880405299462215,0.6601889916995205
-1.2629952904537107,1.68083705542234
-0.10634909089321264,-0.35693556071631233
-0.80035738712800131,0.29043416244584375
-0.35549913592635185,1.1196169415089205
-0.044390400951761,0.67282900948114999
-0.40692050609350988,-0.19393400453008461
-0.60614885599230639,0.9488904229546673
-1.1309691655373337,0.025743127946347505
-0.083639463464064465,0.48434104086609536
-0.48985547682218661,-0.1283863266312788
-0.33298827239939449,0.53479658383287321
-1.4043961296525052,-1.3246708141751407
0.72254273757242204,-0.5035198364498582
-0.064572285651584099,0.51781017227199178
-0.32015030528047045,-0.0099240634159801916
0.68517793263670501,0.0097788022041735683
0.71024781808167659,-0.56877280569983502
-0.54614337575087524,-1.7340318284029028
0.63080918208446379,-1.9033757588937184
-0.015066397463036143,-0.38553564197497692
0.2675266997248093,-0.24632058992298025
0.81255437702967437,-0.14557270822263613
-2.1830061667694123,0.45837455066854882
-0.29459794839521014,0.75236406641474229
-0.18262127698150621,-0.094843536614175356
-0.16269200696291589,0.23488749974659862
1.5519239914525436,-0.69759819983739368
0.72778110740245561,0.033274199189117587
1.3523019272082397,0.0054639243803943569
1.6601481841701451,-1.2821166150245422
-0.059254264183844406,-2.2905935974454108
1.2701118148059822,0.180448850619331
-0.40218403831324517,0.66051104162043695
-1.2494776790740649,0.83852028089492769
-0.12485470686588417,-0.93252531438047492
-0.35524831015806735,0.31705484036084147
-0.50136811763324951,-1.5185912109845916
0.18732577634781339,-0.72364511082524685
-0.96672869133820993,1.1213087093936474
0.0017646813866681694,0.40061192129712991
-0.10775614478935022,-1.537202576071697
0.17790717792309252,0.42075534139322224
-1.2823523801784027,2.0223219837879522
-0.90196848860476531,1.1412044628205384
1.0918376200517135,1.7604977110664044
1.1520664249504875,-0.36843851072001371
0.0059044451716645241,-0.0049286803942340139
0.19269269552795076,-0.17831921105464937
-0.28500024857506251,-0.46192784586409746
0.17857868189021348,-1.5985127647388928
-0.46114343221264975,1.1272676347097441
-0.2263600335270857,-0.46420872491087217
-1.8202794624220104,0.73534716353817731
0.3678733296716063,-2.0237775145549111
1.1016746942500089,-0.072448075790977673
-0.89602178396347831,0.51949141238713559
0.30489421592076782,0.37461066852385921
-0.52196623661219455,-1.3692079800452928
0.13243689711298387,0.83637316665198846
-0.74543840825805219,0.076759744970507277
0.62719042470649222,0.58128780636026434
-1.7887400698544251,0.14326566258675724
0.30027850771883002,0.50087949205173055
0.42187093337616072,0.88863271645999953
0.21685736201922462,-1.3287301348814555
0.03481577426231755,-1.104786613813989
-0.0087660663129334113,-1.2783290516923045
0.50555328705760116,2.0333676789449044
-0.4355848740655382,0.40129712164831571
-0.054174166610112109,0.41277747429000883
0.23437618416335859,-0.97013355292197334
0.31385098402915196,0.046787750992785246
1.2767118670027413,-0.93261804543593596
-0.073292031569704555,-0.040585303489941812
0.70636168465995308,-0.21945883272594471
0.040200932352226021,0.24884993328911459
-0.40791701271061442,-0.7872603949091036
-1.1685078730465508,1.0449551260822587
0.83622564313604919,-2.3191802307078655
-0.68732249355757047,-0.42651832303041942
-0.93637875429452078,-1.4449684392602635
-1.6448800005850834,1.4830510604091616
1.0885329537016193,-0.017198169289015776
-0.7424772871167391,0.92891976806155852
-1.0479523898045997,0.54897762536638817
-1.0617790838199386,0.61813647941826921
-0.5631314975682955,0.098850549267003582
0.54065312709408864,-1.0123599343483525
-2.8810897302764498,-1.3650341944682638
-1.2514642263174058,0.00288190190616069
0.89745094120852398,1.6430991758960671
-0.21563832262446925,0.48896275512674536
-0.02693788658195731,0.24767093382846206
-0.1096194192732082,0.39735129472604225
-1.6092929937278382,-1.1210947842954548
-0.43250604852774061,2.969122333650748
0.23538923636067055,-1.0644640891070849
-0.067416715412035588,-0.7515971936688759
0.23405990269540144,0.70166311437666273
0.51139824202726269,-1.3249839237703869
-0.4620379144554258,1.4722916980143319
-0.50618740025748077,0.41726686919592809
0.3479417856225776,-0.98323598669420786
0.91224392382635799,0.11604244822858817
-0.57327917584330335,-0.88497906268814086
-0.60152948793868899,-1.0451307656038711
-1.8866277638920477,1.1999502918284919
0.56731500696161774,-0.83761998124542414
0.69647702682376411,-0.54110868177950699
2.4696570450321391,0.66542942356148505
0.45834625814768554,0.24266552308444506
-0.71967238664686151,-1.4639070790239379
-1.1534830286111637,0.59213839975806326
-0.56907804040444665,-0.62328728301283898
0.20672306973023857,-1.4554086308663783
-2.3401673637970326,0.33335791696051348
-1.1697769124505908,-1.2036851762610832
1.054160762360731,0.030350326095446467
-1.0809434408120542,1.1689766122910963
-1.2220661999575819,-1.5601404762923448
1.4687741858850292,-0.10053325073803955
-0.33467140177195359,-0.78816630078481464
-0.72749248901330354,0.76892194071764486
-0.17340469215891718,-0.23979470487797824
-0.92356543700529681,-0.52064585234670202
0.1535304535491093,-1.3029386983455291
-0.038844600486984723,0.83948476215623624
0.41593832009220655,-0.25942111767762061
-0.96017374450756043,0.66605187307931801
-0.20061032963762765,0.53354649335631088
0.95527536508775013,1.694553026530317
1.2480514046359232,0.4560826464433772
0.25520779372574554,-0.89093378888010155
-0.82366260324973617,1.8103593197185435
1.7632792214652593,1.4477820672632811
-0.46422443116184109,-1.1312173391452003
-0.50892059324695338,-0.50698961856253022
0.31363718687489789,0.89543683970417332
0.70482190145596035,-2.0916320549314698
1.6613416999087649,0.091089923603115949
0.92101141582775614,-1.7753367253605803
0.13125555082452067,1.1591920434747773
-1.1225686009465095,0.16320348566018542
0.58493691748086596,-0.19369642876881338
-0.4822902032118298,0.4305306763357179
0.30111989399306727,0.72938216866168049
0.66810194551560742,0.94427220056958594
-0.15585105951463193,1.1572965728616491
0.073966762223006396,0.23562963854816518
0.73516992934273073,0.17505786936798931
-1.7428162296261387,-0.53051737783921271
0.66796871504643685,-1.1309349503213038
0.5485238892508828,0.71638149425516362
-0.096040939608667941,-0.2279436525180803
0.091766416580605956,0.60642077936415995
-1.7593627688540272,-0.50816396248842077
-1.5221706976477505,-0.54997110728608223
-0.55114051815866771,0.39869586455386091
0.62276185880969626,1.3361528451655553
-2.1240987123337463,-1.850783987301126
-0.54809373784755111,-1.0079896945227429
-0.098441743915946317,-0.81270757470742705
-0.41184711913145688,-0.088269014310893665
0.55646395242646107,-0.98795618379280481
-0.46662045785591572,-2.0416989659086262
-0.39583598135722065,0.4155882325027459
-0.60070014211440581,1.9787829769344809
1.0276024489945208,0.31247758708731477
-0.80901224541885242,0.031111135839632015
1.7531436227745218,1.4633451259071171
1.4854931691464541,1.0298937699543966
0.13977263002156673,-0.028847894600670845
-1.0299719796682434,-0.85978888330236469
1.090044629583431,0.82300385363022566
-0.71275860749370068,-0.12196631734334561
-0.30158968666751163,0.18318037677279739
0.28624450219674091,0.50289780297715658
-0.80303683235649248,1.1458226346016802
-0.97668458402279701,0.83482882292077787
0.6488179735228734,-0.08690649446909586
-1.3892297973336063,1.4785232362046326
-0.79086231662436801,-1.1419330132235579
0.64529436308604271,0.3880418317290969
-0.24937150836633651,2.5022829091063894
1.9229320848672746,-0.37040509495552343
-1.3506207768084171,-0.98963553368438417
-1.1198544217257265,-1.9443299386483357
0.75274580507299726,2.4775559982423969
-0.48205948042870139,-1.5473414932001786
1.746986737730986,0.60977380691418581
-1.5086300710407865,-0.46275532622906951
0.046966843381005464,0.2967275930867514
-0.44899687801046945,0.030409535852078722
-0.01439990488833579,-0.52730382236826245
-0.79363186064978553,-0.0012412018636972152
-1.9742900523663789,-1.060618012163028
-0.38739712112305252,-0.55317373046416363
0.97591164730309143,0.97424670465979379
-0.32479779670918607,0.45185686078353027
-2.5185656117911246,-0.77634157367205181
-0.58143165885753023,-0.8823344585448506
0.83772034242237503,-0.21434588520714162
-2.1616094066505136,0.99593401620138144
-0.53598812920651318,-1.1911393160775923
-0.12258227888893081,-0.24671160986573326
0.34526594465491539,0.57550768460944035
-0.7434045185990017,0.17435774303374368
-1.4014141749300344,0.77648856557577683
0.4658905512838647,-0.93472772200517484
0.022165790527645113,-0.083920435796006124
-0.44920314507482645,1.2142878022879235
0.84046068205833036,-0.31212250001082803
-0.026766967935987117,0.67653399465850173
0.51961389166403704,-0.79985958713132244
-1.8171885998648616,-1.8273244018005681
-0.048804824914933188,1.34919903373471
-0.87955525012293456,0.12538646510379695
-2.2471462830057627,-0.51379133672790145
-0.44213429696695572,1.0736183502558698
1.7734227135951717,-1.1109626540623254
0.10065632287536116,0.8624924832317139
0.46621094329840457,-1.1330429804215496
-0.56330612961519222,0.66702275726911264
-0.77712207570770908,-0.077763804134044365
-0.52758104037080866,-0.6344126834181063
-0.80104274255966235,-0.56907229835660411
-2.0137525867776023,-0.10549620796256069
-0.99013666196905303,-0.12629308971203621
0.24053162706100026,1.2209908266864058
0.33630571852815272,0.067767220714852777
-1.5057019738786281,0.60158325318189354
-0.42199574881935936,1.9234653410263141
1.4650121374551988,-1.3975235209664567
-0.064027211633012365,0.89605722814597222
0.50593500844953032,-0.68118718510957954
-0.024224716994626506,1.4999366543796906
0.22909982265996839,0.22204756952898511
2.1204986819142353,0.084504852292464086
0.96386518962837497,1.2934606997001854
-1.106945038870214,1.3665024316296619
-0.95091370021353383,0.082586225396846333
0.63889288196753713,2.524039189396968
-0.073692972799088874,-0.2607140221167748
0.42089100957635356,1.8616472426257482
0.37085578276729453,-1.3166398568821978
-1.0161677749759888,0.89269567787665205
-0.13406037991116226,0.72154488714428677
-0.41177891462688543,-0.72735065058466919
-0.16778974062079971,-0.0011245149912863773
0.036762409998170216,-1.3373246306509521
-0.16064516494736469,-2.1235928713194521
-0.48131676802283924,-1.0253734137652279
0.5079722051008152,-1.0033704108939703
-1.5468832625316242,2.0576055902107497
-0.99617423470782174,0.79572228853064153
-1.5572535758889359,0.29228099983630668
-2.1533464388162789,0.40952635908435164
0.41571822897844668,-1.5168785957971143
1.9587252828699921,-0.4703145674382796
-1.6836993619215566,-0.17604029636291349
-2.100052171253485,0.34345726270307336
-0.59498753556903594,0.65264090254231855
1.2016312835173741,-1.2615075672938252
0.097309237930052445,-0.88451925913315277
0.89975508278479888,-0.54079473704426062
-0.034577341969420611,0.77127045182124188
0.9642776339519824,0.39568108389732159
1.8223091622271881,-0.80448462134316079
1.7929292857117256,0.896598422101749
-0.21447391825615614,-0.1488013814522573
-1.1875078130223586,-0.40891823657015641
-1.2809780349384139,0.014184284338923294
0.45802228746132856,-0.84449816227582575
0.31467932145316591,-0.76984102691297118
-0.46582796722947273,0.082720726390598215
-0.26117094105487165,0.20178516124783177
-0.49710725412446083,0.36980581147245672
-0.056593341319284257,0.93740780644097332
0.25459640680796841,-0.8638380731670553
-0.71374993040171686,-0.061525425386529685
1.9448743588782254,-0.58348719124261095
0.52940367109590691,-1.1773903085841477
0.94569082961034878,0.057746880770155662
0.98784746091465103,0.28922929937344649
0.62941886450084628,-1.4952939896756372
0.87907680416061296,0.36532638298908571
-0.36331336528944086,0.045780405523646588
